{
  "$id": "1",
  "queryParameters": {
    "$id": "2",
    "from": "2022-11-27T23:00:00+00:00",
    "till": "2023-01-01T23:00:00+00:00",
    "tenantIds": []
  },
  "items": [
    {
      "$id": "3",
      "requestRequired": false,
      "creator": {
        "$id": "4",
        "id": "bb3b265a-6300-4644-afe6-b2f312d32a24",
        "name": "Tenant - 3",
        "label": "association",
        "avatarImageUrl": ""
      },
      "pkey": "de_1",
      "closed": false,
      "filterRestrictionCount": 0,
      "invitedCount": 0,
      "disableParticipants": false,
      "detailPageId": "",
      "participantCount": 0,
      "waitingCount": 0,
      "description": "",
      "eventType": "allgemein",
      "startTime": "2022-11-05T10:52:00+00:00",
      "cancelledNote": "",
      "endTime": "2022-12-23T10:52:00+00:00",
      "withDrawalDeadlineTime": "2022-11-05T10:52:00+00:00",
      "maxParticipating": 10,
      "paymentRequired": false,
      "addressAndIBANRequired": false,
      "avatarImageUrl": "",
      "headerImageUrl": "",
      "addressRequired": true,
      "ibanRequired": true,
      "clubRequired": "required",
      "createdAt": "2022-10-27T10:52:43+00:00",
      "updatedAt": "1901-12-13T20:45:52+00:00",
      "name": "Alles notwendig",
      "seminarId": "",
      "disabled": false,
      "deleted": false,
      "id": "a03c69fa-d6c4-44e5-9d4c-de00a8cd9d17",
      "tagElements": [],
      "participants": [],
      "waiting": [],
      "contactPersons": [],
      "publicationCriteria": "Club",
      "isCompetitiveSport": false,
      "isPopularSport": false,
      "hasReferee": false,
      "publishStartTime": "2020-11-05T10:52:00+00:00",
      "publishEndTime": "2022-12-23T10:52:00+00:00",
      "chatEnabled": false
    },
    {
      "$id": "5",
      "requestRequired": false,
      "creator": {
        "$id": "6",
        "id": "bb3b265a-6300-4644-afe6-b2f312d32a24",
        "name": "Tenant - 3",
        "label": "association",
        "avatarImageUrl": ""
      },
      "pkey": "de_1",
      "closed": false,
      "filterRestrictionCount": 1,
      "invitedCount": 0,
      "disableParticipants": false,
      "detailPageId": "",
      "participantCount": 1,
      "waitingCount": 0,
      "description": "<p>Hier sind viele Dokumente dabei !</p>\r\n",
      "eventType": "allgemein",
      "startTime": "2022-12-01T14:06:00+00:00",
      "cancelledNote": "",
      "endTime": "2022-12-31T14:06:00+00:00",
      "withDrawalDeadlineTime": "2022-12-01T14:06:00+00:00",
      "maxParticipating": 1,
      "maxWaiting": 1,
      "paymentRequired": false,
      "addressAndIBANRequired": false,
      "avatarImageUrl": "",
      "headerImageUrl": "",
      "addressRequired": false,
      "ibanRequired": false,
      "clubRequired": "ignore",
      "createdAt": "2022-10-10T13:06:37+00:00",
      "updatedAt": "1901-12-13T20:45:52+00:00",
      "name": "Veranstaltung mit Dokumenten",
      "seminarId": "",
      "disabled": false,
      "deleted": false,
      "id": "69ad3c2c-d8b1-433f-8904-c5d5bc8014f6",
      "tagElements": [],
      "participants": [
        "85a261ff-d18b-4d28-a920-f6ff8de98b2b"
      ],
      "waiting": [],
      "contactPersons": [],
      "publicationCriteria": "Club",
      "isCompetitiveSport": false,
      "isPopularSport": false,
      "hasReferee": false,
      "publishStartTime": "1970-01-01T00:00:00+00:00",
      "publishEndTime": "1970-01-01T00:00:00+00:00",
      "chatEnabled": false
    },
    {
      "$id": "7",
      "requestRequired": false,
      "creator": {
        "$id": "8",
        "id": "5dbed248-e434-4a32-8334-2a4902fde85d",
        "name": "",
        "label": "association",
        "avatarImageUrl": ""
      },
      "pkey": "de_1",
      "closed": false,
      "filterRestrictionCount": 8,
      "invitedCount": 0,
      "disableParticipants": false,
      "detailPageId": "",
      "participantCount": 8,
      "waitingCount": 0,
      "description": "<p>B</p>\r\n",
      "eventType": "allgemein",
      "startTime": "2022-12-24T15:41:00+00:00",
      "cancelledDateTime": "1970-01-01T00:00:00+00:00",
      "cancelledNote": "",
      "endTime": "2022-12-25T15:42:00+00:00",
      "withDrawalDeadlineTime": "2022-07-14T15:42:00+00:00",
      "maxParticipating": 10,
      "maxWaiting": 10,
      "contractId": "eb160afd-0dc9-4c1f-83be-08d8d8a38e85",
      "paymentRequired": true,
      "addressAndIBANRequired": false,
      "avatarImageUrl": "",
      "headerImageUrl": "",
      "addressRequired": true,
      "ibanRequired": false,
      "clubRequired": "ignore",
      "createdAt": "1925-08-26T09:51:30+00:00",
      "updatedAt": "1901-12-13T20:45:52+00:00",
      "name": "XMAS 22 B123456789123456789",
      "seminarId": "",
      "disabled": false,
      "deleted": false,
      "id": "4511afe9-04fb-4a17-ae98-634e2b251928",
      "tagElements": [
        {
          "$id": "9",
          "id": "5d7612c1-9007-41d7-aaa8-3458e71fd2b3",
          "name": "Global-1",
          "backgroundColor": "#ff0000",
          "borderColor": "#00ff00",
          "textColor": "#0000f1",
          "createdAt": "2023-09-11T12:05:47.579+00:00",
          "updatedAt": "2023-09-11T12:05:47.579+00:00",
          "lastSyncAt": "2023-09-11T12:05:47.579+00:00"
        },
        {
          "$id": "10",
          "id": "e81f46c0-ea82-4dfa-bae3-7ac74c633cef",
          "name": "Mitglied",
          "backgroundColor": "#ffb400",
          "borderColor": "#000000",
          "textColor": "#6c65ce",
          "createdAt": "2023-09-11T12:05:47.58+00:00",
          "updatedAt": "2023-09-11T12:05:47.58+00:00",
          "lastSyncAt": "2023-09-11T12:05:47.58+00:00"
        }
      ],
      "participants": [
        "5ce9874b-3a36-4f28-8458-96a1ba571dbb",
        "dc6df972-2fee-4fbb-b403-d29d64fb7a6b",
        "36c1e5d3-7bc9-4ded-afbd-f396061541ae",
        "f05d7256-dee6-4fcd-8f99-78ade09aea99",
        "2b7a4037-cc6b-4ca5-9450-252ed682827e",
        "b6ed2aef-4466-4682-807b-3161956bb64c",
        "43a894a0-436a-4cb6-8330-a12977bec77e",
        "85a261ff-d18b-4d28-a920-f6ff8de98b2b"
      ],
      "waiting": [],
      "contactPersons": [],
      "publicationCriteria": "Club",
      "isCompetitiveSport": false,
      "isPopularSport": false,
      "hasReferee": false,
      "publishStartTime": "1970-01-01T00:00:00+00:00",
      "publishEndTime": "1970-01-01T00:00:00+00:00",
      "chatEnabled": false
    },
    {
      "$id": "11",
      "requestRequired": false,
      "creator": {
        "$id": "12",
        "id": "bb3b265a-6300-4644-afe6-b2f312d32a24",
        "name": "Tenant - 3",
        "label": "association",
        "avatarImageUrl": ""
      },
      "pkey": "de_1",
      "closed": false,
      "filterRestrictionCount": 0,
      "invitedCount": 0,
      "disableParticipants": false,
      "detailPageId": "",
      "participantCount": 0,
      "waitingCount": 0,
      "description": "",
      "eventType": "allgemein",
      "startTime": "2022-12-10T11:53:00+00:00",
      "cancelledNote": "",
      "endTime": "2023-03-10T11:53:00+00:00",
      "withDrawalDeadlineTime": "2022-12-10T11:53:00+00:00",
      "maxParticipating": 10,
      "paymentRequired": false,
      "addressAndIBANRequired": false,
      "avatarImageUrl": "",
      "headerImageUrl": "",
      "addressRequired": false,
      "ibanRequired": false,
      "clubRequired": "ignore",
      "createdAt": "2022-10-27T10:53:11+00:00",
      "updatedAt": "2022-10-27T10:53:11+00:00",
      "name": "Nix Erforderlich",
      "seminarId": "",
      "disabled": false,
      "deleted": false,
      "id": "af6c0265-d944-43d1-8f0e-c1a1e68009af",
      "tagElements": [],
      "participants": [],
      "waiting": [],
      "contactPersons": [],
      "publicationCriteria": "Club",
      "isCompetitiveSport": false,
      "isPopularSport": false,
      "hasReferee": false,
      "publishStartTime": "1970-01-01T00:00:00+00:00",
      "publishEndTime": "1970-01-01T00:00:00+00:00",
      "chatEnabled": false
    },
    {
      "$id": "13",
      "requestRequired": false,
      "creator": {
        "$id": "14",
        "id": "bb3b265a-6300-4644-afe6-b2f312d32a24",
        "name": "Tenant - 3",
        "label": "association",
        "avatarImageUrl": ""
      },
      "pkey": "de_1",
      "closed": false,
      "filterRestrictionCount": 1,
      "invitedCount": 0,
      "disableParticipants": false,
      "detailPageId": "",
      "participantCount": 1,
      "waitingCount": 0,
      "description": "<p>asd</p>\r\n",
      "eventType": "allgemein",
      "startTime": "2022-11-14T16:58:00+00:00",
      "cancelledNote": "",
      "endTime": "2022-11-30T16:00:00+00:00",
      "withDrawalDeadlineTime": "2022-11-14T16:58:00+00:00",
      "maxParticipating": 10,
      "maxWaiting": 1,
      "contractId": "aa27fcf9-c7c1-4673-af6c-08dac5900a81",
      "paymentRequired": true,
      "addressAndIBANRequired": false,
      "avatarImageUrl": "",
      "headerImageUrl": "",
      "addressRequired": true,
      "ibanRequired": true,
      "clubRequired": "optional",
      "createdAt": "2022-11-13T15:59:03+00:00",
      "updatedAt": "1901-12-13T20:45:52+00:00",
      "name": "Vertrags kostet",
      "seminarId": "1",
      "disabled": false,
      "deleted": false,
      "id": "0a8c9e5a-ba26-4f7e-9ea2-2f37809173d4",
      "tagElements": [],
      "participants": [
        "36c1e5d3-7bc9-4ded-afbd-f396061541ae"
      ],
      "waiting": [],
      "contactPersons": [],
      "publicationCriteria": "Club",
      "isCompetitiveSport": false,
      "isPopularSport": false,
      "hasReferee": false,
      "publishStartTime": "1970-01-01T00:00:00+00:00",
      "publishEndTime": "1970-01-01T00:00:00+00:00",
      "chatEnabled": false
    }
  ],
  "page": 1,
  "pagesize": 25,
  "searchfields": "",
  "maximumcount": 5,
  "orderbytype": "ascending"
}