{
  "$id": "62",
  "items": [
    {
      "$id": "63",
      "tenantId": "bb3b265a-6300-4644-afe6-b2f312d32a24",
      "components": [
        {
          "$id": "64",
          "componentType": "image",
          "id": "76c88d43-c2cb-4d38-5c16-08d6aaf89976",
          "imageUrl": "https://ccwp-service-img.azurewebsites.net/bb3b265a-6300-4644-afe6-b2f312d32a24pictures/yeah.gif_564527c82e4c48c481b617aed1b86384.gif",
          "componentTemplateId": "1e33139d-24ce-4c85-ba4d-3959ddb704c4"
        },
        {
          "$id": "65",
          "componentType": "text",
          "textId": "7f0101f8-c1dc-4da0-df74-08d6aaf89966",
          "id": "7f0101f8-c1dc-4da0-df74-08d6aaf89966",
          "componentTemplateId": "64e94c89-3f01-445b-9a86-62691bf09000"
        }
      ],
      "isHomepage": false,
      "title": "Tolle Neuigkeiten!",
      "link": "/tolle-neuigkeiten",
      "scopeType": "adminonly",
      "templateId": "7f1e21f3-290e-402b-a688-dd1d972d443c",
      "detailItemId": "",
      "updatedAt": "1901-12-13T20:45:52",
      "id": "596fe2ad-d957-4714-b453-d58ab28f5a50",
      "pkey": "de_1",
      "disabled": false,
      "deleted": false,
      "label": "page",
      "name": "",
      "normalizedName": "",
      "createdAt": "2020-03-13T12:15:19"
    },
    {
      "$id": "66",
      "tenantId": "bb3b265a-6300-4644-afe6-b2f312d32a24",
      "components": [
        {
          "$id": "67",
          "componentType": "image",
          "id": "3d313038-fed4-460b-1104-08d72c56401d",
          "imageUrl": "",
          "componentTemplateId": "823cdb4a-c9fe-4360-a0f5-d06faeee87cf"
        },
        {
          "$id": "68",
          "componentType": "text",
          "textId": "44b53dfe-f8fe-4b91-23c8-08d72c563fe6",
          "id": "44b53dfe-f8fe-4b91-23c8-08d72c563fe6",
          "content": "<p>Hier informieren wir &uuml;ber alles Aktuelle im Bereich Ski.</p>\r\n",
          "componentTemplateId": "a734edef-435c-4e38-9c96-7f6111bfbf09"
        },
        {
          "$id": "69",
          "componentType": "blogentries",
          "categories": [
            "03c6f64d-9e5c-4181-9f41-d99677cf1ce8"
          ],
          "pinned": [
            "c3437697-ca25-4e48-ae66-a66e203985e6"
          ],
          "id": "b29b7335-47d7-44b1-80df-08d72c56a07a",
          "forceCategories": false,
          "componentTemplateId": "160ab433-0275-4522-9ddf-b8f3f0121e21"
        }
      ],
      "isHomepage": false,
      "title": "Ski Blog",
      "link": "/ski-blog",
      "scopeType": "adminonly",
      "templateId": "3c0e1417-0d24-463a-bc3f-a68f5185dfd5",
      "detailItemId": "",
      "updatedAt": "2019-09-11T23:15:06",
      "id": "8b4e72b8-bbd6-4b9f-b7d5-21397cc33c8a",
      "pkey": "de_1",
      "disabled": false,
      "deleted": false,
      "label": "page",
      "name": "",
      "normalizedName": "",
      "createdAt": "2019-08-29T07:58:06"
    },
    {
      "$id": "70",
      "tenantId": "bb3b265a-6300-4644-afe6-b2f312d32a24",
      "components": [
        {
          "$id": "71",
          "componentType": "image",
          "id": "8d16e48f-90ff-4649-2f6b-08d72e1b948c",
          "imageUrl": "",
          "componentTemplateId": "823cdb4a-c9fe-4360-a0f5-d06faeee87cf"
        },
        {
          "$id": "72",
          "componentType": "text",
          "textId": "a4dfa13f-e5dc-485a-6051-08d72e1b946b",
          "id": "a4dfa13f-e5dc-485a-6051-08d72e1b946b",
          "componentTemplateId": "a734edef-435c-4e38-9c96-7f6111bfbf09"
        },
        {
          "$id": "73",
          "componentType": "blogentries",
          "categories": [
            "03c6f64d-9e5c-4181-9f41-d99677cf1ce8"
          ],
          "pinned": [
            "c3437697-ca25-4e48-ae66-a66e203985e6",
            "b52406f3-95de-49c1-93c8-f8e64380f65a"
          ],
          "id": "76ca7c16-3900-42a3-c823-08d72e1b948c",
          "forceCategories": false,
          "componentTemplateId": "160ab433-0275-4522-9ddf-b8f3f0121e21"
        }
      ],
      "isHomepage": false,
      "title": "TEst Neu Blog",
      "link": "/test-neu-blog",
      "scopeType": "adminonly",
      "templateId": "3c0e1417-0d24-463a-bc3f-a68f5185dfd5",
      "detailItemId": "",
      "updatedAt": "2019-09-03T09:06:00",
      "id": "17ec4d1b-5486-420a-b602-48a0c2786318",
      "pkey": "de_1",
      "disabled": false,
      "deleted": false,
      "label": "page",
      "name": "",
      "normalizedName": "",
      "createdAt": "2019-08-31T14:00:28"
    },
    {
      "$id": "74",
      "tenantId": "bb3b265a-6300-4644-afe6-b2f312d32a24",
      "components": [
        {
          "$id": "75",
          "componentType": "team",
          "teamId": "f4b98b0a-c5f1-455d-a655-bc16f22e2cb8",
          "hasDocuments": false,
          "id": "217ce362-91e7-4b79-4659-08d72f76b2e1",
          "includeContactPersons": false,
          "componentTemplateId": "bd581afd-9a34-4e74-b6b3-23b812dcbd18"
        },
        {
          "$id": "76",
          "componentType": "text",
          "textId": "7bb0842e-fe3b-4806-6053-08d72e1b946b",
          "id": "7bb0842e-fe3b-4806-6053-08d72e1b946b",
          "componentTemplateId": "59e544d1-678b-4fe1-ae33-27245e687fa6"
        }
      ],
      "isHomepage": false,
      "title": "Kader",
      "link": "/kader",
      "scopeType": "adminonly",
      "templateId": "b18d7f94-202e-4dfa-a4a9-0140a37e4b56",
      "detailItemId": "",
      "updatedAt": "2019-04-10T10:47:01",
      "id": "e9977a6f-88e6-4713-899b-2652aafb65b5",
      "pkey": "de_1",
      "disabled": false,
      "deleted": false,
      "label": "page",
      "name": "",
      "normalizedName": "",
      "createdAt": "2019-09-02T07:25:14"
    },
    {
      "$id": "77",
      "tenantId": "bb3b265a-6300-4644-afe6-b2f312d32a24",
      "components": [
        {
          "$id": "78",
          "componentType": "calendar",
          "id": "064a6ca3-d91a-480d-1a7d-08d7305f0422",
          "componentTemplateId": "18c12e13-9da4-4a8c-8e82-1838cd00b66f"
        }
      ],
      "isHomepage": false,
      "title": "Kalender",
      "link": "/kalender",
      "scopeType": "adminonly",
      "templateId": "4828e8df-bd90-4a1a-b0fb-fe78d12bc58b",
      "detailItemId": "",
      "updatedAt": "2019-09-03T11:08:14",
      "id": "cfd25e30-0afe-4526-b0d2-86270d680162",
      "pkey": "de_1",
      "disabled": false,
      "deleted": false,
      "label": "page",
      "name": "",
      "normalizedName": "",
      "createdAt": "2019-09-03T11:08:14"
    },
    {
      "$id": "79",
      "tenantId": "bb3b265a-6300-4644-afe6-b2f312d32a24",
      "components": [
        {
          "$id": "80",
          "componentType": "text",
          "textId": "9bc698c9-5ab5-4d2b-7106-08d7320c3594",
          "id": "9bc698c9-5ab5-4d2b-7106-08d7320c3594",
          "componentTemplateId": "b0958939-f657-4d64-9b5d-69fdca23a369"
        },
        {
          "$id": "81",
          "componentType": "committee",
          "committeeIds": [],
          "id": "f1a9e2b7-eace-4287-5156-08d7320c35b5",
          "componentTemplateId": "af8ca316-bbab-4087-b59f-db77b2de0fe5"
        }
      ],
      "isHomepage": false,
      "title": "Über uns",
      "link": "/ber-uns",
      "scopeType": "adminonly",
      "templateId": "672d7aae-6c48-4115-8f9d-5b1261a7ef51",
      "detailItemId": "",
      "updatedAt": "2019-09-18T10:11:14",
      "id": "f8d23aa3-a91f-420c-8669-02ea8f2d6aba",
      "pkey": "de_1",
      "disabled": false,
      "deleted": false,
      "label": "page",
      "name": "",
      "normalizedName": "",
      "createdAt": "2019-09-06T06:08:22"
    },
    {
      "$id": "82",
      "tenantId": "bb3b265a-6300-4644-afe6-b2f312d32a24",
      "components": [
        {
          "$id": "83",
          "componentType": "text",
          "textId": "fb5ce32a-7919-4101-7107-08d7320c3594",
          "id": "fb5ce32a-7919-4101-7107-08d7320c3594",
          "componentTemplateId": "b0958939-f657-4d64-9b5d-69fdca23a369"
        },
        {
          "$id": "84",
          "componentType": "committee",
          "committeeIds": [],
          "id": "441efdaf-55f1-4ee2-5157-08d7320c35b5",
          "componentTemplateId": "af8ca316-bbab-4087-b59f-db77b2de0fe5"
        }
      ],
      "isHomepage": false,
      "title": "abv",
      "link": "/abv",
      "scopeType": "adminonly",
      "templateId": "672d7aae-6c48-4115-8f9d-5b1261a7ef51",
      "detailItemId": "",
      "updatedAt": "2019-09-06T06:40:12",
      "id": "4bae3978-6a54-4dfc-aed9-44f039bd171d",
      "pkey": "de_1",
      "disabled": false,
      "deleted": false,
      "label": "page",
      "name": "",
      "normalizedName": "",
      "createdAt": "2019-09-06T06:40:12"
    },
    {
      "$id": "85",
      "tenantId": "bb3b265a-6300-4644-afe6-b2f312d32a24",
      "components": [
        {
          "$id": "86",
          "componentType": "event",
          "id": "c24a42c0-f429-49aa-213e-08d767471538",
          "eventId": "6f799a12-731f-47c9-8140-10e7b50aab37",
          "hasDocuments": false,
          "includeContactPersons": true,
          "componentTemplateId": "6e0a2e50-520c-47b2-9a99-6dddf3ef1911"
        },
        {
          "$id": "87",
          "componentType": "text",
          "textId": "dd56302d-53d5-4488-8c4f-08d7674714e0",
          "id": "dd56302d-53d5-4488-8c4f-08d7674714e0",
          "componentTemplateId": "882c4307-4cd7-4a1e-972a-030e99cb6766"
        }
      ],
      "isHomepage": false,
      "title": "tstme",
      "link": "/tstme",
      "scopeType": "adminonly",
      "templateId": "e9534046-83be-448c-88ea-eabaa0cd6267",
      "detailItemId": "",
      "updatedAt": "2019-11-12T16:47:17",
      "id": "b9f1be60-522f-4cd0-8e23-63528fb7b16b",
      "pkey": "de_1",
      "disabled": false,
      "deleted": false,
      "label": "page",
      "name": "",
      "normalizedName": "",
      "createdAt": "2019-11-12T16:47:17"
    },
    {
      "$id": "88",
      "tenantId": "bb3b265a-6300-4644-afe6-b2f312d32a24",
      "components": [
        {
          "$id": "89",
          "componentType": "qualification",
          "qualificationId": "4eb56bcd-f94b-4307-85da-cb53841bbcda",
          "hasDocuments": false,
          "id": "ec7c936e-5d85-4575-8b3c-08d7be997dcb",
          "includeContactPersons": true,
          "componentTemplateId": "6c606f7b-fdf8-41dd-8c4e-6a118d8258aa"
        },
        {
          "$id": "90",
          "componentType": "text",
          "textId": "5b1b08dd-d108-4d93-a89d-08d7be997da0",
          "id": "5b1b08dd-d108-4d93-a89d-08d7be997da0",
          "componentTemplateId": "34925ea3-eabb-4d43-b898-4457d60e9d81"
        }
      ],
      "isHomepage": false,
      "title": "neue seite",
      "link": "/neue-seite",
      "scopeType": "adminonly",
      "templateId": "c64ae0fa-580e-4973-a08d-56a30333ee88",
      "detailItemId": "",
      "updatedAt": "2020-03-02T11:04:34",
      "id": "9ee5b148-4016-4ce3-becc-986445e9407b",
      "pkey": "de_1",
      "disabled": false,
      "deleted": false,
      "label": "page",
      "name": "",
      "normalizedName": "",
      "createdAt": "2020-03-02T11:04:34"
    },
    {
      "$id": "91",
      "tenantId": "bb3b265a-6300-4644-afe6-b2f312d32a24",
      "components": [
        {
          "$id": "92",
          "componentType": "team",
          "teamId": "f4b98b0a-c5f1-455d-a655-bc16f22e2cb8",
          "hasDocuments": false,
          "id": "74b644dd-41ef-4d80-763c-08d85b1dc7ec",
          "includeContactPersons": true,
          "componentTemplateId": "bd581afd-9a34-4e74-b6b3-23b812dcbd18"
        },
        {
          "$id": "93",
          "componentType": "text",
          "textId": "fd0a607d-6dc5-41f6-80af-08d85b1dc7e0",
          "id": "fd0a607d-6dc5-41f6-80af-08d85b1dc7e0",
          "componentTemplateId": "59e544d1-678b-4fe1-ae33-27245e687fa6"
        },
        {
          "$id": "94",
          "componentType": "documents",
          "urls": [
            "https://ccwpdsouicms.blob.core.windows.net/bb3b265a-6300-4644-afe6-b2f312d32a24documents/dummy.pdf_00a4da2b8ebe4f65bb0da57a31081de5.pdf"
          ],
          "id": "abf9552f-cd25-46e2-fb16-08d85b1c7f6e",
          "componentTemplateId": "aa41f28d-dce1-4f87-abc6-8209a38dc7ef"
        }
      ],
      "isHomepage": false,
      "title": "Kater Kader",
      "link": "/kater-kader",
      "scopeType": "adminonly",
      "templateId": "b18d7f94-202e-4dfa-a4a9-0140a37e4b56",
      "detailItemId": "",
      "updatedAt": "2020-08-12T15:48:00",
      "id": "4a2fcabe-9f6c-452f-b1eb-74e20d37dd67",
      "pkey": "de_1",
      "disabled": false,
      "deleted": false,
      "label": "page",
      "name": "",
      "normalizedName": "",
      "createdAt": "2020-08-12T15:48:00"
    },
    {
      "$id": "95",
      "tenantId": "bb3b265a-6300-4644-afe6-b2f312d32a24",
      "components": [
        {
          "$id": "96",
          "componentType": "event",
          "id": "e0c8e642-c77d-4f59-d70c-08d8b2f8ae3f",
          "eventId": "c47c3fdb-3556-46d6-9030-4f3fbc29a0ff",
          "hasDocuments": false,
          "includeContactPersons": true,
          "componentTemplateId": "6e0a2e50-520c-47b2-9a99-6dddf3ef1911"
        },
        {
          "$id": "97",
          "componentType": "text",
          "textId": "14a4a6db-63b7-47d1-9ab6-08d8b2f8ae11",
          "id": "14a4a6db-63b7-47d1-9ab6-08d8b2f8ae11",
          "componentTemplateId": "882c4307-4cd7-4a1e-972a-030e99cb6766"
        },
        {
          "$id": "98",
          "componentType": "documents",
          "urls": [],
          "id": "3d95fc80-86b0-4f88-9f8e-08d8b2f8ae40",
          "componentTemplateId": "bfaf0170-4245-45c3-99b1-e8d1f8e5d989"
        }
      ],
      "isHomepage": false,
      "title": "detailpageid",
      "link": "/detailpageid",
      "scopeType": "adminonly",
      "templateId": "e9534046-83be-448c-88ea-eabaa0cd6267",
      "detailItemId": "",
      "updatedAt": "1901-12-13T20:45:52",
      "id": "b3159a82-7550-48b1-9bfc-87d67bbb901c",
      "pkey": "de_1",
      "disabled": false,
      "deleted": false,
      "label": "page",
      "name": "",
      "normalizedName": "",
      "createdAt": "1901-12-13T20:45:52"
    },
    {
      "$id": "99",
      "tenantId": "bb3b265a-6300-4644-afe6-b2f312d32a24",
      "components": [
        {
          "$id": "100",
          "componentType": "image",
          "id": "aac638df-f4cb-40a3-a721-08d8d8124b79",
          "imageUrl": "",
          "componentTemplateId": "1e33139d-24ce-4c85-ba4d-3959ddb704c4"
        },
        {
          "$id": "101",
          "componentType": "text",
          "textId": "9c8bd8ad-8892-491d-1eab-08d8d8124b61",
          "id": "9c8bd8ad-8892-491d-1eab-08d8d8124b61",
          "componentTemplateId": "64e94c89-3f01-445b-9a86-62691bf09000"
        },
        {
          "$id": "102",
          "componentType": "youtubevideo",
          "id": "9381d0c9-916b-4fd9-e4c8-08d8d8124b79",
          "youtubeVideoId": "",
          "componentTemplateId": "e76e969b-569e-46b1-bb42-b45b01119357"
        }
      ],
      "isHomepage": false,
      "title": "TESTING",
      "link": "/testing",
      "scopeType": "adminonly",
      "templateId": "7f1e21f3-290e-402b-a688-dd1d972d443c",
      "detailItemId": "",
      "updatedAt": "1901-12-13T20:45:52",
      "id": "ca792799-e833-4589-a734-a36218f4cee9",
      "pkey": "de_1",
      "disabled": false,
      "deleted": false,
      "label": "page",
      "name": "",
      "normalizedName": "",
      "createdAt": "1901-12-13T20:45:52"
    },
    {
      "$id": "103",
      "tenantId": "bb3b265a-6300-4644-afe6-b2f312d32a24",
      "components": [
        {
          "$id": "104",
          "componentType": "calendar",
          "id": "6eee6879-222d-48e8-92d0-08dbca2762e4",
          "componentTemplateId": "18c12e13-9da4-4a8c-8e82-1838cd00b66f"
        }
      ],
      "isHomepage": false,
      "title": "Daily Calender",
      "link": "/daily-calender",
      "scopeType": "intern",
      "templateId": "4828e8df-bd90-4a1a-b0fb-fe78d12bc58b",
      "detailItemId": "",
      "updatedAt": "1901-12-13T20:45:52",
      "id": "8f014dc6-f335-4fd9-af27-94f0b342f1ab",
      "pkey": "de_1",
      "disabled": false,
      "deleted": false,
      "label": "page",
      "name": "",
      "normalizedName": "",
      "createdAt": "1901-12-13T20:45:52"
    },
    {
      "$id": "105",
      "tenantId": "bb3b265a-6300-4644-afe6-b2f312d32a24",
      "components": [
        {
          "$id": "106",
          "componentType": "calendar",
          "id": "ac01565a-d456-49d6-3d1b-08dbceff80f4",
          "componentTemplateId": "18c12e13-9da4-4a8c-8e82-1838cd00b66f"
        }
      ],
      "isHomepage": false,
      "title": "Daily Tasks",
      "link": "/daily-tasks",
      "scopeType": "intern",
      "templateId": "4828e8df-bd90-4a1a-b0fb-fe78d12bc58b",
      "detailItemId": "",
      "updatedAt": "1901-12-13T20:45:52",
      "id": "7b574bf2-adbf-410b-a810-a9734fc51c94",
      "pkey": "de_1",
      "disabled": false,
      "deleted": false,
      "label": "page",
      "name": "",
      "normalizedName": "",
      "createdAt": "1901-12-13T20:45:52"
    },
    {
      "$id": "107",
      "tenantId": "bb3b265a-6300-4644-afe6-b2f312d32a24",
      "components": [
        {
          "$id": "108",
          "componentType": "image",
          "id": "0c8c2d21-f3f8-44fb-f687-08dbe44ff8bb",
          "imageUrl": "",
          "componentTemplateId": "1e33139d-24ce-4c85-ba4d-3959ddb704c4"
        },
        {
          "$id": "109",
          "componentType": "text",
          "textId": "6e598567-cb88-4178-4f42-08dbe44ff8ab",
          "id": "6e598567-cb88-4178-4f42-08dbe44ff8ab",
          "componentTemplateId": "64e94c89-3f01-445b-9a86-62691bf09000"
        },
        {
          "$id": "110",
          "componentType": "youtubevideo",
          "id": "33e4842c-0c6e-4852-6784-08dbe44ff8bd",
          "youtubeVideoId": "",
          "componentTemplateId": "e76e969b-569e-46b1-bb42-b45b01119357"
        }
      ],
      "isHomepage": false,
      "title": "test",
      "link": "/test",
      "scopeType": "intern",
      "templateId": "7f1e21f3-290e-402b-a688-dd1d972d443c",
      "detailItemId": "",
      "updatedAt": "1901-12-13T20:45:52",
      "id": "58d15ab3-a927-4765-a844-f41f4a6d52e6",
      "pkey": "de_1",
      "disabled": false,
      "deleted": false,
      "label": "page",
      "name": "",
      "normalizedName": "",
      "createdAt": "1901-12-13T20:45:52"
    },
    {
      "$id": "111",
      "tenantId": "bb3b265a-6300-4644-afe6-b2f312d32a24",
      "components": [
        {
          "$id": "112",
          "componentType": "text",
          "textId": "f1ee6596-debf-41a2-0330-08dbe7891eb4",
          "id": "f1ee6596-debf-41a2-0330-08dbe7891eb4",
          "componentTemplateId": "b0958939-f657-4d64-9b5d-69fdca23a369"
        },
        {
          "$id": "113",
          "componentType": "committee",
          "committeeIds": [],
          "id": "b870171c-3729-4759-43ee-08dbe7891eba",
          "componentTemplateId": "af8ca316-bbab-4087-b59f-db77b2de0fe5"
        }
      ],
      "isHomepage": false,
      "title": "abc",
      "link": "/abc",
      "scopeType": "intern",
      "templateId": "672d7aae-6c48-4115-8f9d-5b1261a7ef51",
      "detailItemId": "",
      "updatedAt": "1901-12-13T20:45:52",
      "id": "4f8036f1-547a-4d97-be2a-557aae158331",
      "pkey": "de_1",
      "disabled": false,
      "deleted": false,
      "label": "page",
      "name": "",
      "normalizedName": "",
      "createdAt": "1901-12-13T20:45:52"
    }
  ],
  "page": 1,
  "pagesize": 25,
  "keyword": "",
  "maximumcount": 16,
  "orderbytype": "ascending",
  "orderby": "Name"
}